"@kimpoyfeliciano ""ang pinoy,mabilis makabangon pgkatapos mlaking trahedya buhay!"" #bilisngpinoy #globeslipstream http://t.co/ewxbm3qpqf" 
"@ohteenquotes ""ang pinoy,mabilis umasenso basta si lord ang sentro buhay bawat isa mundo!"" #bilisngpinoy #globeslipstream" 
"@ohteenquotes ""ang pinoy,mabilis umarangkada anumang hamon buhay dahil dito abot nya ang mundo!"" #bilisngpinoy #globeslipstream" 
"@ohteenquotes ""ang pinoy,mabilis dumiskarte buhay kaya wagi anumang hamon buhay!"" #bilisngpinoy #globeslipstream" 
"@ohteenquotes ""ang pinoy,mabilis mapangiti dahil may husay malasakit na dapat ipagbunyi!"" #bilisngpinoy #globeslipstream" 
"@ohteenquotes ""ang pinoy,mabilis umasenso kapag globe ang sandigan buhay gaano man kabilog ang mundo!"" #bilisngpinoy #globeslipstream" 
"@ohteenquotes @enjoyglobe ""ang pinoy,mabilis mainlove kahit alam niyang may masasagasaan!"" #bilisngpinoy #globeslipstream" 
"@enjoyglobe ""basta driver,globe user forever!"" #bilisngpinoy #globeslipstream http://t.co/njw2agc648" 
"@enjoyglobe ""basta driver,globe user forever!"" #bilisngpinoy #globeslipstream http://t.co/xziikkpel7" 
@alaskasportshub details sent via email thank much! #alaskaworldmilkday #matutuwasibunsodaminyamilk!!! 
"rt @alaskasportshub: congratulations: 
@jackie87cj 
@chocotablea 
@arielhapon 

alaska gift packs! thanks joining #alaskaworldmilkd…" 
"rt @alaskasportshub: please email alaskasportshub@gmail.com ff: name, address, contact number: 
@jackie87cj 
@chocotablea 
@arielh…" 
"@techpinas @ehomeph giving away 3 units 6-in-1 ravpower filehub, wifi router, powerbank, more! http://t.co/ebxjqupo1q" 
join http://t.co/gjfalnsd63 #dollhanagiveaway #loveitshareit 
"@techpinas @ehomeph giving away 3 units 6-in-1 ravpower filehub, wifi router, powerbank, more! http://t.co/ebxjqupo1q" 
"@alaskasportshub ""mula pa noon alaska milk lang ang gatas namin ganyan kami ka loyal! #alaskaforbreakfast http://t.co/bmbdulyyby" 
@alaskasportshub: win alaska products simply tweeting picture drinking alaska milk! #alaskaforbreakfast 
@alaskasportshub alaska milk best drink breakfast! #alaskaforbreakfast http://t.co/b9vnrookxz 
"answer: manny ""pacman"" pacquiao 
#workatsmart 
#guessthesmartcelebrity 
#oursmartstory @workatsmart http://t.co/am0w9whgcs" 
check @phonedog alcatel onetouch idol 3 giveaway: http://t.co/tvjzqwfbjd 
check alcatel onetouch idol 3 giveaway: http://t.co/tvjzqwfbjd https://t.co/wullzedw0n 
"@sunsilkph ""whenever wind takes us,welk keep heads high!"" #sunsilkselfiemoment http://t.co/zr8j3sh3ty …." 
"@sunsilkph ""whenever wind takes us,welk keep heads high!"" #sunsilkselfiemoment http://t.co/zr8j3sh3ty" 
"@sunsilkph ""whenever wind takes us,welk keep heads high!"" #sunsilkselfiemoment" 
@sunsilkph: giving away another #sunsilkselfiemoment kit today! tweet favorite line song! http://t.co/mq0v0aupyx … 
want win win iphone 6 free corrective treatments svenson ph? just entered win too. http://t.co/nvjk35yuwt 
"follow @svensonphl free treatments &amp; free iphone 6. promo duration may 31,2015. #fightforeverystrand 
http://t.co/aqmzaqoezu" 
"@techpinas @ehomeph giving away 3 units 6-in-1 ravpower filehub, wifi router, powerbank, more! http://t.co/ebxjqupo1q" 
want win win iphone 6 free corrective treatments svenson ph? just entered win too. http://t.co/7xtijndkox 
"follow @svensonphl free treatments &amp; free iphone 6. promo duration may 31, 2015. #fightforeverystrand 
http://t.co/7xtijndkox" 
