"@lornab02 tag, @chubbychichii . reply tag someone else, need longest #kfcfullyloadedline win kfc gc's!" 
last chance. please pick @kedsph please :( #kedsredtour #redkeds #welcometaylortomanila 1957 
last chance. please pick @kedsph please :( #kedsredtour #redkeds #welcometaylortomanila 1941 
last chance. please pick @kedsph please :( #kedsredtour #redkeds #welcometaylortomanila 1930 
last chance. please pick @kedsph please :( #kedsredtour #redkeds #welcometaylortomanila 1929 
last chance. please pick @kedsph please :( #kedsredtour #redkeds #welcometaylortomanila 1928 
last chance. please pick @kedsph please :( #kedsredtour #redkeds #welcometaylortomanila 1927 
last chance. please pick @kedsph please :( #kedsredtour #redkeds #welcometaylortomanila 1926 
last chance. please pick @kedsph please :( #kedsredtour #redkeds #welcometaylortomanila 1925 
last chance. please pick @kedsph please :( #kedsredtour #redkeds #welcometaylortomanila 1924 
last chance. please pick @kedsph please :( #kedsredtour #redkeds #welcometaylortomanila 1923 
last chance. please pick @kedsph please :( #kedsredtour #redkeds #welcometaylortomanila 1922 
last chance. please pick @kedsph please :( #kedsredtour #redkeds #welcometaylortomanila 1921 
last chance. please pick @kedsph please :( #kedsredtour #redkeds #welcometaylortomanila 1920 
last chance. please pick @kedsph please :( #kedsredtour #redkeds #welcometaylortomanila 1919 
last chance. please pick @kedsph please :( #kedsredtour #redkeds #welcometaylortomanila 1918 
last chance. please pick @kedsph please :( #kedsredtour #redkeds #welcometaylortomanila 1917 
last chance. please pick @kedsph please :( #kedsredtour #redkeds #welcometaylortomanila 1916 
last chance. please pick @kedsph please :( #kedsredtour #redkeds #welcometaylortomanila 1915 
last chance. please pick @kedsph please :( #kedsredtour #redkeds #welcometaylortomanila 1914 
last chance. please pick @kedsph please :( #kedsredtour #redkeds #welcometaylortomanila 1913 
last chance. please pick @kedsph please :( #kedsredtour #redkeds #welcometaylortomanila 1912 
last chance. please pick @kedsph please :( #kedsredtour #redkeds #welcometaylortomanila 1911 
last chance. please pick @kedsph please :( #kedsredtour #redkeds #welcometaylortomanila 1910 
last chance. please pick @kedsph please :( #kedsredtour #redkeds #welcometaylortomanila 1909 
last chance. please pick @kedsph please :( #kedsredtour #redkeds #welcometaylortomanila 1908 
last chance. please pick @kedsph please :( #kedsredtour #redkeds #welcometaylortomanila 1907 
last chance. please pick @kedsph please :( #kedsredtour #redkeds #welcometaylortomanila 1906 
last chance. please pick @kedsph please :( #kedsredtour #redkeds #welcometaylortomanila 1905 
last chance. please pick @kedsph please :( #kedsredtour #redkeds #welcometaylortomanila 1904 
