"@atheenad_ tag, @lsmae31 . reply tag someone else, need longest #kfcfullyloadedline win kfc gc's!" 
welcome back manila tay!! filipino loves much!! #cornettowelcomestaylortomanila @selectacornetto -lou sushmita mae bernardino 2610 
welcome back manila tay!! filipino loves much!! #cornettowelcomestaylortomanila @selectacornetto -lou sushmita mae bernardino 2600 
welcome back manila tay!! filipino loves much!! #cornettowelcomestaylortomanila @selectacornetto -lou sushmita mae bernardino 2595 
welcome back manila tay!! filipino loves much!! #cornettowelcomestaylortomanila @selectacornetto -lou sushmita mae bernardino 2594 
welcome back manila tay!! filipino loves much!! #cornettowelcomestaylortomanila @selectacornetto -lou sushmita mae bernardino 2593 
welcome back manila tay!! filipino loves much!! #cornettowelcomestaylortomanila @selectacornetto -lou sushmita mae bernardino 2592 
welcome back manila tay!! filipino loves much!! #cornettowelcomestaylortomanila @selectacornetto -lou sushmita mae bernardino 2591 
welcome back manila tay!! filipino loves much!! #cornettowelcomestaylortomanila @selectacornetto -lou sushmita mae bernardino 2590 
welcome back manila tay!! filipino loves much!! #cornettowelcomestaylortomanila @selectacornetto -lou sushmita mae bernardino 2589 
welcome back manila tay!! filipino loves much!! #cornettowelcomestaylortomanila @selectacornetto -lou sushmita mae bernardino 2588 
welcome back manila tay!! filipino loves much!! #cornettowelcomestaylortomanila @selectacornetto -lou sushmita mae bernardino 2587 
welcome back manila tay!! filipino loves much!! #cornettowelcomestaylortomanila @selectacornetto -lou sushmita mae bernardino 2586 
welcome back manila tay!! filipino loves much!! #cornettowelcomestaylortomanila @selectacornetto -lou sushmita mae bernardino 2585 
welcome back manila tay!! filipino loves much!! #cornettowelcomestaylortomanila @selectacornetto -lou sushmita mae bernardino 2584 
welcome back manila tay!! filipino loves much!! #cornettowelcomestaylortomanila @selectacornetto -lou sushmita mae bernardino 2583 
welcome back manila tay!! filipino loves much!! #cornettowelcomestaylortomanila @selectacornetto -lou sushmita mae bernardino 2582 
welcome back manila tay!! filipino loves much!! #cornettowelcomestaylortomanila @selectacornetto -lou sushmita mae bernardino 2581 
welcome back manila tay!! filipino loves much!! #cornettowelcomestaylortomanila @selectacornetto -lou sushmita mae bernardino 2580 
welcome back manila tay!! filipino loves much!! #cornettowelcomestaylortomanila @selectacornetto -lou sushmita mae bernardino 2579 
welcome back manila tay!! filipino loves much!! #cornettowelcomestaylortomanila @selectacornetto -lou sushmita mae bernardino 2578 
welcome back manila tay!! filipino loves much!! #cornettowelcomestaylortomanila @selectacornetto -lou sushmita mae bernardino 2577 
welcome back manila tay!! filipino loves much!! #cornettowelcomestaylortomanila @selectacornetto -lou sushmita mae bernardino 2576 
welcome back manila tay!! filipino loves much!! #cornettowelcomestaylortomanila @selectacornetto -lou sushmita mae bernardino 2575 
welcome back manila tay!! filipino loves much!! #cornettowelcomestaylortomanila @selectacornetto -lou sushmita mae bernardino 2574 
welcome back manila tay!! filipino loves much!! #cornettowelcomestaylortomanila @selectacornetto -lou sushmita mae bernardino 2573 
welcome back manila tay!! filipino loves much!! #cornettowelcomestaylortomanila @selectacornetto -lou sushmita mae bernardino 2572 
welcome back manila tay!! filipino loves much!! #cornettowelcomestaylortomanila @selectacornetto -lou sushmita mae bernardino 2571 
welcome back manila tay!! filipino loves much!! #cornettowelcomestaylortomanila @selectacornetto -lou sushmita mae bernardino 2570 
welcome back manila tay!! filipino loves much!! #cornettowelcomestaylortomanila @selectacornetto -lou sushmita mae bernardino 2569 
