"@wittygirl21x tag, @bloom_mcb06 . reply tag someone else, need longest #kfcfullyloadedline win kfc gc's!" 
last chance. please pick @kedsph please :( #kedsredtour #redkeds 683 
last chance. please pick @kedsph please :( #kedsredtour #redkeds 669 
last chance. please pick @kedsph please :( #kedsredtour #redkeds 668 
last chance. please pick @kedsph please :( #kedsredtour #redkeds 667 
last chance. please pick @kedsph please :( #kedsredtour #redkeds 666 
last chance. please pick @kedsph please :( #kedsredtour #redkeds 665 
last chance. please pick @kedsph please :( #kedsredtour #redkeds 664 
last chance. please pick @kedsph please :( #kedsredtour #redkeds 663 
last chance. please pick @kedsph please :( #kedsredtour #redkeds 662 
last chance. please pick @kedsph please :( #kedsredtour #redkeds 661 
last chance. please pick @kedsph please :( #kedsredtour #redkeds 660 
last chance. please pick @kedsph please :( #kedsredtour #redkeds 659 
last chance. please pick @kedsph please :( #kedsredtour #redkeds 658 
last chance. please pick @kedsph please :( #kedsredtour #redkeds 657 
last chance. please pick @kedsph please :( #kedsredtour #redkeds 656 
last chance. please pick @kedsph please :( #kedsredtour #redkeds 655 
last chance. please pick @kedsph please :( #kedsredtour #redkeds 654 
last chance. please pick @kedsph please :( #kedsredtour #redkeds 653 
last chance. please pick @kedsph please :( #kedsredtour #redkeds 652 
last chance. please pick @kedsph please :( #kedsredtour #redkeds 651 
last chance. please pick @kedsph please :( #kedsredtour #redkeds 650 
last chance. please pick @kedsph please :( #kedsredtour #redkeds 649 
last chance. please pick @kedsph please :( #kedsredtour #redkeds 648 
last chance. please pick @kedsph please :( #kedsredtour #redkeds 647 
last chance. please pick @kedsph please :( #kedsredtour #redkeds 646 
last chance. please pick @kedsph please :( #kedsredtour #redkeds 645 
last chance. please pick @kedsph please :( #kedsredtour #redkeds 644 
last chance. please pick @kedsph please :( #kedsredtour #redkeds 643 
last chance. please pick @kedsph please :( #kedsredtour #redkeds 642 
