"@rsherman_25 hope feeling better @rsherman_25 . recommend acupuncturist, blue pearl acupuncture, help get back 100%!" 
@petecarroll: super bowl champions!!!! goes #12s!!!!! will always connected moment!!! 
go #seahawks! #whosgonnawin http://t.co/e654xhafay @verizonwireless super seahawks! 
go #seahawks! #whosgonnawin http://t.co/e654xhafay @verizonwireless go beast! 
go #seahawks! #whosgonnawin http://t.co/e654xhafay @verizonwireless go hawks! 
go #seahawks! #whosgonnawin http://t.co/e654xhafay @verizonwireless patrick stewart seahawks! 
go #seahawks! #whosgonnawin http://t.co/e654xhafay @verizonwireless game time 12th man! time bring it! 
go #seahawks! #whosgonnawin http://t.co/e654xhafay @verizonwireless 12th man hawks nest empire state! 
go #seahawks! #whosgonnawin http://t.co/e654xhafay @verizonwireless beastmode! 
go #seahawks! #whosgonnawin http://t.co/e654xhafay @verizonwireless unleash beast! 
go #seahawks! #whosgonnawin http://t.co/e654xhafay @verizonwireless defense wins championships! 
go #seahawks! #whosgonnawin http://t.co/e654xhafay @verizonwireless seahawks #1 
go #seahawks! #whosgonnawin http://t.co/e654xhafay @verizonwireless ground pound beast! 
go #seahawks! #whosgonnawin http://t.co/e654xhafay @verizonwireless 12th man loud proud! 
go #seahawks! #whosgonnawin http://t.co/e654xhafay @verizonwireless hustle like russell! 
go #seahawks! #whosgonnawin http://t.co/e654xhafay @verizonwireless beast mode nj nyc! 
go #seahawks! #whosgonnawin http://t.co/e654xhafay @verizonwireless dangerruss! 
go #seahawks! #whosgonnawin http://t.co/e654xhafay @verizonwireless hawks nest empire state! 
go #seahawks! #whosgonnawin http://t.co/e654xhafay @verizonwireless blue green 6th day! 
go #seahawks! #whosgonnawin http://t.co/e654xhafay @verizonwireless top pot donuts seahawks! 
go #seahawks! #whosgonnawin http://t.co/e654xhafay @verizonwireless beasty boys! 
go #seahawks! #whosgonnawin http://t.co/e654xhafay @verizonwireless legion boom bringing boomstick! 
go #seahawks! #whosgonnawin http://t.co/e654xhafay @verizonwireless lob! 
go #seahawks! #whosgonnawin http://t.co/e654xhafay @verizonwireless legion boom! 
go #seahawks! #whosgonnawin http://t.co/e654xhafay @verizonwireless go jon ryan! 
go #seahawks! #whosgonnawin http://t.co/e654xhafay @verizonwireless go steven hauschuka! 
go #seahawks! #whosgonnawin http://t.co/e654xhafay @verizonwireless go clinton mcdonald! 
go #seahawks! #whosgonnawin http://t.co/e654xhafay @verizonwireless go tony mcdaniel! 
go #seahawks! #whosgonnawin http://t.co/e654xhafay @verizonwireless go brandon mebane! 
go #seahawks! #whosgonnawin http://t.co/e654xhafay @verizonwireless go red bryant! 
