"@chadrenzrejano tag, @princessjaden13 . reply tag someone else, need longest #kfcfullyloadedline win kfc gc's!" 
breathe 
waiting you. ~ saranghae 
@kitkat_ph best way eat kitkat share crush. &lt;3 #breakommendation @maellows @bobi_bernardino 100 
@kitkat_ph best way eat kitkat share crush. &lt;3 #breakommendation @maellows @bobi_bernardino 99 
@kitkat_ph best way eat kitkat share crush. &lt;3 #breakommendation @maellows @bobi_bernardino 98 
@kitkat_ph best way eat kitkat share crush. &lt;3 #breakommendation @maellows @bobi_bernardino 97 
@kitkat_ph best way eat kitkat share crush. &lt;3 #breakommendation @maellows @bobi_bernardino 96 
@kitkat_ph best way eat kitkat share crush. &lt;3 #breakommendation @maellows @bobi_bernardino 94 
@kitkat_ph best way eat kitkat share crush. &lt;3 #breakommendation @maellows @bobi_bernardino 95 
@kitkat_ph best way eat kitkat share crush. &lt;3 #breakommendation @maellows @bobi_bernardino 93 
@kitkat_ph best way eat kitkat share crush. &lt;3 #breakommendation @maellows @bobi_bernardino 92 
@kitkat_ph best way eat kitkat share crush. &lt;3 #breakommendation @maellows @bobi_bernardino 91 
@kitkat_ph best way eat kitkat share crush. &lt;3 #breakommendation @maellows @bobi_bernardino 90 
@kitkat_ph best way eat kitkat share crush. &lt;3 #breakommendation @maellows @bobi_bernardino 89 
@kitkat_ph best way eat kitkat share crush. &lt;3 #breakommendation @maellows @bobi_bernardino 88 
@kitkat_ph best way eat kitkat share crush. &lt;3 #breakommendation @maellows @bobi_bernardino 87 
@kitkat_ph best way eat kitkat share crush. &lt;3 #breakommendation @maellows @bobi_bernardino 86 
@kitkat_ph best way eat kitkat share crush. &lt;3 #breakommendation @maellows @bobi_bernardino 85 
@kitkat_ph best way eat kitkat share crush. &lt;3 #breakommendation @maellows @bobi_bernardino 84 
@kitkat_ph best way eat kitkat share crush. &lt;3 #breakommendation @maellows @bobi_bernardino 83 
@kitkat_ph best way eat kitkat share crush. &lt;3 #breakommendation @maellows @bobi_bernardino 82 
@kitkat_ph best way eat kitkat share crush. &lt;3 #breakommendation @maellows @bobi_bernardino 81 
@kitkat_ph best way eat kitkat share crush. &lt;3 #breakommendation @maellows @bobi_bernardino 80 
@kitkat_ph best way eat kitkat share crush. &lt;3 #breakommendation @maellows @bobi_bernardino 79 
@kitkat_ph best way eat kitkat share crush. &lt;3 #breakommendation @maellows @bobi_bernardino 78 
@kitkat_ph best way eat kitkat share crush. &lt;3 #breakommendation @maellows @bobi_bernardino 77 
@kitkat_ph best way eat kitkat share crush. &lt;3 #breakommendation @maellows @bobi_bernardino 76 
@kitkat_ph best way eat kitkat share crush. &lt;3 #breakommendation @maellows @bobi_bernardino 75 
@kitkat_ph best way eat kitkat share crush. &lt;3 #breakommendation @maellows @bobi_bernardino 74 
