@shannpeng: #truth #realtalk üê™ success 1 setting &amp; #real @everette @itsamahlworld @carlosgil83 @officialamart http://t.c‚Ä¶ 
@notsportscenter: 50 days 2015 #nfl season kicks off! http://t.co/shh9uwmakb 
"@charlieagu @maggiepatman dale chance, amor. va los raiders ;)" 
lovely day beautiful #seattle. #skyline http://t.co/sicglogo3f 
hab√≠a tenido acceso internet una pena que primero que veo twitter ocurrido con jules bianchi. #f1 #ripjules 
@bgarloff: #ciaojules http://t.co/ybpzwjkq0h 
gorgeus day #vancouver!!! #canada #skyline #britishcolumbia #downtownvan #trip #travel @ stanley‚Ä¶ https://t.co/fvseausgvm 
"rt @rachel__nichols: nicely done, si. member soccer team got sports illustrated cover. https://t.co/xckodncba4" 
"rt @profootballtalk: report: dez tells cowboys miss camp, games signed wednesday http://t.co/h0jhfjwcro" 
@espnnfl: sources: dez bryant informs cowboys vp stephen jones will sit camp miss games w/o long-term deal. http://t.co/‚Ä¶ 
@notsportscenter: now 9 weeks away from: http://t.co/rwdmqnoclo 
@jeremydanielca: like sports @jeopardysports follow! http://t.co/ncxkuwlcct 
"rt @jeopardysports: ""what is: nfl?"" #jeopardysports http://t.co/jvpjcaibws" 
"rt @atpworldtour: eyes (&amp; phones) #djokovic, see twitter say #wimbledon win. read: http://t.co/aa63mrhrub http‚Ä¶" 
@wimbledon: watch @djokernole hide delight defending #wimbledon title http://t.co/zlwgwndjbc 
"rt @reformacom: @djokernole levant√≥ por tercera ocasi√≥n trofeo #wimbledon, tras vencer 7-6, 6-7, 6-4 6-3 @rogerfederer http://t.c‚Ä¶" 
"rt @shannonsharpe: congrats djoker defending wimbledon title. prob feds worst wimbledon final, djoker just b‚Ä¶" 
@conade: #triatl√≥n @paoladiazgo dedica #m√©xico familia la medalla plata que obtuvo este s√°bado #to2015 http://t.co/lh7ipkntbp 
"rt @venuseswilliams: another day, another #wimbledon title. congrats @serenawilliams https://t.co/usl6eqgqkh" 
"rt @wta: #serenaslam 2--&gt; http://t.co/44yulpwpi7 
2014 @usopenüèÜ 
2015 @australianopenüèÜ 
2015 @rolandgarrosüèÜ 
2015 @wimbledonüèÜ http://t.co/lq2h‚Ä¶" 
@wimbledon: serena soaks applause outside centre court... #wimbledon https://t.co/unl8amc9pi 
"rt @muralcom: serena williams alcanza t√≠tulo 21 grand slam vencer garbi√±e muguruza 6-4 6-4. 

http://t.co/5vduvbcrqq http://t.c‚Ä¶" 
21 coronas grand slam para #serenawilliams las mejores deportistas la historia. hay duda. #wimbledon 
#serenawilliams gana #wimbledon. grande la estadounidense sin duda ya la conversaci√≥n la mejor la historia. 
#muguruza vuelve quebrar!!! vaya entrega. sirve ahora para igualar cinco games. #wimbledon 
#muguruza deja quiebra #serena 
"#serena quiebra nuevo, gana 5-1 viene servir por t√≠tulo la posibilidad buscar open grand slam. #wimbledon" 
"rt @wimbledon: massive ""come on"" serena pounds forehand winner past muguruza take first set 6-4 #wimbledon http://t.‚Ä¶" 
"rt @alejandro_pena: acaba iniciar la etapa atletismo triatl√≥n femenil. lleg√≥ grupo unas 13, entre ellas @1claurivas @ce‚Ä¶" 
"rt @chacho_lml: d√≠a como hoy falleci√≥ norisring, alemania gran piloto pedro rodr√≠guez la vega. http://t.co/boimvcoprj" 
