download @slydeapp discover &amp; follow hot #newmusic singles way meant experienced http://t.co/zurxdkxra2 
last day pledges!!!! help jack (2nd grade class 1st place entire school) taylor (1st… http://t.co/uyw5kbq35n 
handsome lil'devil also running boosterthon fun run needs help! please help… http://t.co/3oybersxyz 
taylor running friday boosterthon fun run needs help. help sponsor… http://t.co/nbr1do1ysi 
taylor also running boosterthon-hoping get new playground structure!!! please help! https://t.co/e2i1sldhs6 
all-star student running boosterthon fun run! click see help school! https://t.co/jkcpe9syyx 
"rt @bishopjakes: often god uses people, perhaps unknown them, help accomplish purpose life." 
"rt @dangerusswilson: #bvd obedient children, conform evil desires lived ignorance. (1 peter 1:14 niv)" 
"rt @malcsmitty: hear news tomorrow trophy's missing, swear me... http://t.co/boggmpfky2" 
#seahawks #celebrate48 #playinghooky http://t.co/r86d1hrcl0 
@seahawks: #beastmode right there! #onaduck #celebrate48 http://t.co/j0eykf2sjv 
"at #centurylink, ready go! #superbowlchamps #gohawks #seahawks http://t.co/b4mhlalbvp" 
"my kiddos clink dad, ready celebrate!!! #makingmemories #celebrate48 #12parade http://t.co/ifqoact6go" 
"rt @nfl: estimated crowd seattle: 700,000+ dedicated 12s. 

represent! #celebrate48 http://t.co/ct2kylyrdm" 
@cves_cubs: full house 1st grade concert http://t.co/rzvpn7qaqo 
"rt @seahawks: come celebrate #superbowlchamps wed, feb 5! start 11am near 4th &amp; denny travel @centurylink_fld by…" 
@dc2forlife: truly still dream! somebody pinch me! http://t.co/c2q2lygtxj 
@seahawks: #championshipparade held wednesday 11am pt seattle. route details announced tomorrow http://t.co/pm4… 
"rt @seahawks: carroll: ""the @gatorade shower miserable experience love happen."" #superbowlchamps http://t.co/sos4csug…" 
"rt @seahawks: sherman: ""@kam_chancellor's first hit about."" #lob #superbowlchamps" 
"rt @seahawks: baldwin: ""this football team. family. shown consistently."" #superbowlchamps http://t.co/eyw…" 
"rt @seahawks: baldwin: ""richard sherman 'mediocre' cornerback."" 
sherman: ""and 'pedestrian'"" http://t.co/munntvvgyk" 
@seahawks: fresh banner hangs inside seahawks lockerroom @mlstadium. #superbowlchamps http://t.co/ooqxodzuqy 
#clink #seahawks #whosgonnawin #seahawks #whosgonnawin #seahawks #whosgonnawin #seahawks #whosgonnawin #seahawks #whosgonnawin #seahawks 
#beastmode #seahawks #whosgonnawin #seahawks #whosgonnawin #seahawks #whosgonnawin #seahawks #whosgonnawin #seahawks #whosgonnawin #seahawk 
#boss #seahawks #whosgonnawin #seahawks #whosgonnawin #seahawks #whosgonnawin #seahawks #whosgonnawin #seahawks #whosgonnawin #seahawks 
come guys! #seahawks #whosgonnawin #seahawks #whosgonnawin #seahawks #whosgonnawin #seahawks #whosgonnawin #seahawks #whosgonnawin 
#louder #seahawks #whosgonnawin #seahawks #whosgonnawin #seahawks #whosgonnawin #seahawks #whosgonnawin #seahawks #whosgonnawin #seahawks 
#sea #seahawks #whosgonnawin #seahawks #whosgonnawin #seahawks #whosgonnawin #seahawks #whosgonnawin #seahawks #whosgonnawin #seahawks 
#lob #seahawks #whosgonnawin #seahawks #whosgonnawin #seahawks #whosgonnawin #seahawks #whosgonnawin #seahawks #whosgonnawin #seahawks 
