RT @shannpeng: #truth #realTalk üê™ success only has 1 setting &amp; that's #real @Everette @itsamahlworld @CarlosGil83 @OfficialAMart http://t.c‚Ä¶
RT @NOTSportsCenter: Only 50 days until the 2015 #NFL season kicks off! http://t.co/sHH9UWmaKb
"@charlieagu @MaggiePatMan dale chance, amor. Le va a los Raiders ;)"
Lovely day in beautiful #Seattle. #skyline http://t.co/SicGlOGO3F
No hab√≠a tenido acceso a internet y es una pena que lo primero que veo en twitter es lo ocurrido con Jules Bianchi. #f1 #RIPJules
RT @bgarloff: #CiaoJules http://t.co/YbPZwjkq0H
Gorgeus day in #Vancouver!!! #canada #skyline #britishcolumbia #downtownvan #trip #travel @ Stanley‚Ä¶ https://t.co/fvSEAusgVM
"RT @Rachel__Nichols: Nicely done, SI. Each member of the US Soccer team got her own Sports Illustrated cover. https://t.co/XCkodnCBa4"
"RT @ProFootballTalk: Report: Dez tells Cowboys he'll miss camp, games if not signed by Wednesday http://t.co/h0JHfJWcRo"
RT @ESPNNFL: Sources: Dez Bryant informs Cowboys VP Stephen Jones that he will sit out camp and miss games w/o long-term deal. http://t.co/‚Ä¶
RT @NOTSportsCenter: We are now only 9 weeks away from: http://t.co/rwdmQNOcLo
RT @JeremyDanielCA: If you like sports @JeopardySports is a MUST follow! http://t.co/NCXKuwLcct
"RT @JeopardySports: ""What is: the NFL?"" #JeopardySports http://t.co/jVPjcAiBWs"
"RT @ATPWorldTour: All eyes (&amp; phones) on #Djokovic, see what Twitter had to say about his #Wimbledon win. Read: http://t.co/aA63MrHRuB http‚Ä¶"
RT @Wimbledon: WATCH @DjokerNole can't hide his delight after defending his #Wimbledon title http://t.co/zlWgwnDJbc
"RT @REFORMACOM: @DjokerNole levant√≥ por tercera ocasi√≥n el trofeo de #Wimbledon, tras vencer 7-6, 6-7, 6-4 y 6-3 a @rogerfederer http://t.c‚Ä¶"
"RT @ShannonSharpe: Congrats to the Djoker for defending his Wimbledon title. This was prob Feds worst Wimbledon final, but Djoker is just b‚Ä¶"
RT @CONADE: #Triatl√≥n @paoladiazgo dedica a #M√©xico y a su familia la medalla de plata que obtuvo este s√°bado #TO2015 http://t.co/lh7IPKntBP
"RT @Venuseswilliams: Another day, another #Wimbledon title. Congrats @serenawilliams https://t.co/uSl6EQGQKH"
"RT @WTA: #SerenaSlam 2--&gt; http://t.co/44yulPWpI7 
2014 @USOpenüèÜ
2015 @AustralianOpenüèÜ
2015 @RolandGarrosüèÜ
2015 @WimbledonüèÜ http://t.co/lq2H‚Ä¶"
RT @Wimbledon: Serena soaks up the applause outside Centre Court... #Wimbledon https://t.co/Unl8aMC9pi
"RT @muralcom: Serena Williams alcanza su t√≠tulo 21 de Grand Slam al vencer a Garbi√±e Muguruza 6-4 y 6-4.

http://t.co/5VdUVBcRQQ http://t.c‚Ä¶"
21 coronas de Grand Slam para #SerenaWilliams de las mejores deportistas de la historia. No hay duda. #Wimbledon
#SerenaWilliams gana en #Wimbledon. Grande la estadounidense y sin duda ya en la conversaci√≥n de la mejor de la historia.
#Muguruza vuelve a quebrar!!! Vaya entrega. Sirve ahora para igualar a cinco games. #Wimbledon
#Muguruza no se deja y le quiebra a #Serena
"#Serena quiebra de nuevo, gana 5-1 y viene a servir por el t√≠tulo y la posibilidad de buscar en el US Open el Grand Slam. #Wimbledon"
"RT @Wimbledon: A massive ""COME ON"" from Serena as she pounds a forehand winner past Muguruza to take the first set 6-4 #Wimbledon http://t.‚Ä¶"
"RT @alejandro_pena: Acaba de iniciar la etapa de atletismo en el triatl√≥n femenil. Lleg√≥ un grupo de unas 13, entre ellas @1claurivas y @Ce‚Ä¶"
"RT @chacho_lml: Un d√≠a como hoy falleci√≥ en Norisring, Alemania el gran piloto Pedro Rodr√≠guez de la Vega. http://t.co/boIMVcoprJ"
