Download @slydeapp to discover &amp; follow hot #newmusic singles the way they were meant to be experienced http://t.co/zurXdkxRA2
Last day for pledges!!!! Help Jack (2nd grade class is 1st place in entire school) and Taylor (1st… http://t.co/uyw5KbQ35N
This handsome lil'devil is also running in the Boosterthon Fun Run and needs YOUR help! Please help… http://t.co/3OyBERsxYz
Taylor is running this Friday at the Boosterthon Fun Run and needs YOUR help. Can you help sponsor… http://t.co/nbr1dO1ySI
Taylor is also running the Boosterthon-hoping to get a new playground structure!!! Please help! https://t.co/e2I1sLdHs6
My all-star student is running in the Boosterthon Fun Run! Click here to see how you can help our school! https://t.co/JkcpE9SYyx
"RT @BishopJakes: Often God uses people, perhaps unknown to them, to help you accomplish His purpose in your life."
"RT @DangeRussWilson: #BVD As obedient children, do not conform to the evil desires you had when you lived in ignorance. (1 Peter 1:14 NIV)"
"RT @MalcSmitty: If you hear on the news tomorrow that the trophy's missing, I swear it wasn't me... http://t.co/BOGGMPFKY2"
#Seahawks #Celebrate48 #playinghooky http://t.co/R86D1HrcL0
RT @Seahawks: That's that #BeastMode right there! #OnADuck #Celebrate48 http://t.co/J0EyKF2sJV
"At #centurylink, ready to go! #SuperBowlChamps #GoHawks #Seahawks http://t.co/B4mHlALBVP"
"My kiddos are at the clink with dad, ready to celebrate!!! #makingmemories #Celebrate48 #12parade http://t.co/IFqOaCT6go"
"RT @nfl: Estimated crowd in Seattle: 700,000+ dedicated 12s.

Represent! #Celebrate48 http://t.co/Ct2kylYrdM"
RT @CVES_cubs: A FULL house at the 1st grade concert http://t.co/rzVPN7qaQO
"RT @Seahawks: Come celebrate with your #SuperBowlChamps Wed, Feb 5! We'll start at 11am near 4th &amp; Denny then travel to @CenturyLink_Fld by…"
RT @DC2forlife: It's truly still a dream! Somebody pinch me! http://t.co/c2Q2LYGtxJ
RT @Seahawks: #ChampionshipParade to be held on Wednesday at 11am PT in Seattle. Route and details to be announced tomorrow http://t.co/pM4…
"RT @Seahawks: Carroll: ""The @gatorade shower is a miserable experience that you love to have happen."" #SuperBowlChamps http://t.co/SOs4csuG…"
"RT @Seahawks: Sherman: ""@Kam_Chancellor's first hit was what it's all about."" #LOB #SuperBowlChamps"
"RT @Seahawks: Baldwin: ""This is not a football team. This is a family. And we've shown this consistently."" #SuperBowlChamps http://t.co/EyW…"
"RT @Seahawks: Baldwin: ""Richard Sherman is a 'mediocre' cornerback."" 
Sherman: ""And you're 'pedestrian'"" http://t.co/mUnNTvVGyK"
RT @Seahawks: A fresh banner hangs inside the Seahawks lockerroom at @MLStadium. #SuperBowlChamps http://t.co/OoQxoDZUQy
#clink  #Seahawks #WhosGonnaWin #Seahawks #WhosGonnaWin #Seahawks #WhosGonnaWin #Seahawks #WhosGonnaWin #Seahawks #WhosGonnaWin #Seahawks
#beastmode  #Seahawks #WhosGonnaWin #Seahawks #WhosGonnaWin #Seahawks #WhosGonnaWin #Seahawks #WhosGonnaWin #Seahawks #WhosGonnaWin #Seahawk
#boss  #Seahawks #WhosGonnaWin #Seahawks #WhosGonnaWin #Seahawks #WhosGonnaWin #Seahawks #WhosGonnaWin #Seahawks #WhosGonnaWin #Seahawks
Come on guys! #Seahawks #WhosGonnaWin #Seahawks #WhosGonnaWin #Seahawks #WhosGonnaWin #Seahawks #WhosGonnaWin #Seahawks #WhosGonnaWin
#louder  #Seahawks #WhosGonnaWin #Seahawks #WhosGonnaWin #Seahawks #WhosGonnaWin #Seahawks #WhosGonnaWin #Seahawks #WhosGonnaWin #Seahawks
#sea  #Seahawks #WhosGonnaWin #Seahawks #WhosGonnaWin #Seahawks #WhosGonnaWin #Seahawks #WhosGonnaWin #Seahawks #WhosGonnaWin #Seahawks
#lob  #Seahawks #WhosGonnaWin #Seahawks #WhosGonnaWin #Seahawks #WhosGonnaWin #Seahawks #WhosGonnaWin #Seahawks #WhosGonnaWin #Seahawks
