"@lornab02 Tag, you're it @chubbychichii . REPLY and tag someone ELSE, we need the longest #KFCFullyLoadedLine to Win KFC GC's!"
You are my last chance. Please pick me @KedsPH PLEASE :( #KedsRedTour #RedKeds #WelcomeTaylortoManila 1957
You are my last chance. Please pick me @KedsPH PLEASE :( #KedsRedTour #RedKeds #WelcomeTaylortoManila 1941
You are my last chance. Please pick me @KedsPH PLEASE :( #KedsRedTour #RedKeds #WelcomeTaylortoManila 1930
You are my last chance. Please pick me @KedsPH PLEASE :( #KedsRedTour #RedKeds #WelcomeTaylortoManila 1929
You are my last chance. Please pick me @KedsPH PLEASE :( #KedsRedTour #RedKeds #WelcomeTaylortoManila 1928
You are my last chance. Please pick me @KedsPH PLEASE :( #KedsRedTour #RedKeds #WelcomeTaylortoManila 1927
You are my last chance. Please pick me @KedsPH PLEASE :( #KedsRedTour #RedKeds #WelcomeTaylortoManila 1926
You are my last chance. Please pick me @KedsPH PLEASE :( #KedsRedTour #RedKeds #WelcomeTaylortoManila 1925
You are my last chance. Please pick me @KedsPH PLEASE :( #KedsRedTour #RedKeds #WelcomeTaylortoManila 1924
You are my last chance. Please pick me @KedsPH PLEASE :( #KedsRedTour #RedKeds #WelcomeTaylortoManila 1923
You are my last chance. Please pick me @KedsPH PLEASE :( #KedsRedTour #RedKeds #WelcomeTaylortoManila 1922
You are my last chance. Please pick me @KedsPH PLEASE :( #KedsRedTour #RedKeds #WelcomeTaylortoManila 1921
You are my last chance. Please pick me @KedsPH PLEASE :( #KedsRedTour #RedKeds #WelcomeTaylortoManila 1920
You are my last chance. Please pick me @KedsPH PLEASE :( #KedsRedTour #RedKeds #WelcomeTaylortoManila 1919
You are my last chance. Please pick me @KedsPH PLEASE :( #KedsRedTour #RedKeds #WelcomeTaylortoManila 1918
You are my last chance. Please pick me @KedsPH PLEASE :( #KedsRedTour #RedKeds #WelcomeTaylortoManila 1917
You are my last chance. Please pick me @KedsPH PLEASE :( #KedsRedTour #RedKeds #WelcomeTaylortoManila 1916
You are my last chance. Please pick me @KedsPH PLEASE :( #KedsRedTour #RedKeds #WelcomeTaylortoManila 1915
You are my last chance. Please pick me @KedsPH PLEASE :( #KedsRedTour #RedKeds #WelcomeTaylortoManila 1914
You are my last chance. Please pick me @KedsPH PLEASE :( #KedsRedTour #RedKeds #WelcomeTaylortoManila 1913
You are my last chance. Please pick me @KedsPH PLEASE :( #KedsRedTour #RedKeds #WelcomeTaylortoManila 1912
You are my last chance. Please pick me @KedsPH PLEASE :( #KedsRedTour #RedKeds #WelcomeTaylortoManila 1911
You are my last chance. Please pick me @KedsPH PLEASE :( #KedsRedTour #RedKeds #WelcomeTaylortoManila 1910
You are my last chance. Please pick me @KedsPH PLEASE :( #KedsRedTour #RedKeds #WelcomeTaylortoManila 1909
You are my last chance. Please pick me @KedsPH PLEASE :( #KedsRedTour #RedKeds #WelcomeTaylortoManila 1908
You are my last chance. Please pick me @KedsPH PLEASE :( #KedsRedTour #RedKeds #WelcomeTaylortoManila 1907
You are my last chance. Please pick me @KedsPH PLEASE :( #KedsRedTour #RedKeds #WelcomeTaylortoManila 1906
You are my last chance. Please pick me @KedsPH PLEASE :( #KedsRedTour #RedKeds #WelcomeTaylortoManila 1905
You are my last chance. Please pick me @KedsPH PLEASE :( #KedsRedTour #RedKeds #WelcomeTaylortoManila 1904
