"@atheenaD_ Tag, you're it @lsmae31 . REPLY and tag someone ELSE, we need the longest #KFCFullyLoadedLine to Win KFC GC's!"
WELCOME BACK TO MANILA TAY!! Filipino loves you so much!! #CornettoWelcomesTaylorToManila @SelectaCornetto -Lou Sushmita Mae Bernardino 2610
WELCOME BACK TO MANILA TAY!! Filipino loves you so much!! #CornettoWelcomesTaylorToManila @SelectaCornetto -Lou Sushmita Mae Bernardino 2600
WELCOME BACK TO MANILA TAY!! Filipino loves you so much!! #CornettoWelcomesTaylorToManila @SelectaCornetto -Lou Sushmita Mae Bernardino 2595
WELCOME BACK TO MANILA TAY!! Filipino loves you so much!! #CornettoWelcomesTaylorToManila @SelectaCornetto -Lou Sushmita Mae Bernardino 2594
WELCOME BACK TO MANILA TAY!! Filipino loves you so much!! #CornettoWelcomesTaylorToManila @SelectaCornetto -Lou Sushmita Mae Bernardino 2593
WELCOME BACK TO MANILA TAY!! Filipino loves you so much!! #CornettoWelcomesTaylorToManila @SelectaCornetto -Lou Sushmita Mae Bernardino 2592
WELCOME BACK TO MANILA TAY!! Filipino loves you so much!! #CornettoWelcomesTaylorToManila @SelectaCornetto -Lou Sushmita Mae Bernardino 2591
WELCOME BACK TO MANILA TAY!! Filipino loves you so much!! #CornettoWelcomesTaylorToManila @SelectaCornetto -Lou Sushmita Mae Bernardino 2590
WELCOME BACK TO MANILA TAY!! Filipino loves you so much!! #CornettoWelcomesTaylorToManila @SelectaCornetto -Lou Sushmita Mae Bernardino 2589
WELCOME BACK TO MANILA TAY!! Filipino loves you so much!! #CornettoWelcomesTaylorToManila @SelectaCornetto -Lou Sushmita Mae Bernardino 2588
WELCOME BACK TO MANILA TAY!! Filipino loves you so much!! #CornettoWelcomesTaylorToManila @SelectaCornetto -Lou Sushmita Mae Bernardino 2587
WELCOME BACK TO MANILA TAY!! Filipino loves you so much!! #CornettoWelcomesTaylorToManila @SelectaCornetto -Lou Sushmita Mae Bernardino 2586
WELCOME BACK TO MANILA TAY!! Filipino loves you so much!! #CornettoWelcomesTaylorToManila @SelectaCornetto -Lou Sushmita Mae Bernardino 2585
WELCOME BACK TO MANILA TAY!! Filipino loves you so much!! #CornettoWelcomesTaylorToManila @SelectaCornetto -Lou Sushmita Mae Bernardino 2584
WELCOME BACK TO MANILA TAY!! Filipino loves you so much!! #CornettoWelcomesTaylorToManila @SelectaCornetto -Lou Sushmita Mae Bernardino 2583
WELCOME BACK TO MANILA TAY!! Filipino loves you so much!! #CornettoWelcomesTaylorToManila @SelectaCornetto -Lou Sushmita Mae Bernardino 2582
WELCOME BACK TO MANILA TAY!! Filipino loves you so much!! #CornettoWelcomesTaylorToManila @SelectaCornetto -Lou Sushmita Mae Bernardino 2581
WELCOME BACK TO MANILA TAY!! Filipino loves you so much!! #CornettoWelcomesTaylorToManila @SelectaCornetto -Lou Sushmita Mae Bernardino 2580
WELCOME BACK TO MANILA TAY!! Filipino loves you so much!! #CornettoWelcomesTaylorToManila @SelectaCornetto -Lou Sushmita Mae Bernardino 2579
WELCOME BACK TO MANILA TAY!! Filipino loves you so much!! #CornettoWelcomesTaylorToManila @SelectaCornetto -Lou Sushmita Mae Bernardino 2578
WELCOME BACK TO MANILA TAY!! Filipino loves you so much!! #CornettoWelcomesTaylorToManila @SelectaCornetto -Lou Sushmita Mae Bernardino 2577
WELCOME BACK TO MANILA TAY!! Filipino loves you so much!! #CornettoWelcomesTaylorToManila @SelectaCornetto -Lou Sushmita Mae Bernardino 2576
WELCOME BACK TO MANILA TAY!! Filipino loves you so much!! #CornettoWelcomesTaylorToManila @SelectaCornetto -Lou Sushmita Mae Bernardino 2575
WELCOME BACK TO MANILA TAY!! Filipino loves you so much!! #CornettoWelcomesTaylorToManila @SelectaCornetto -Lou Sushmita Mae Bernardino 2574
WELCOME BACK TO MANILA TAY!! Filipino loves you so much!! #CornettoWelcomesTaylorToManila @SelectaCornetto -Lou Sushmita Mae Bernardino 2573
WELCOME BACK TO MANILA TAY!! Filipino loves you so much!! #CornettoWelcomesTaylorToManila @SelectaCornetto -Lou Sushmita Mae Bernardino 2572
WELCOME BACK TO MANILA TAY!! Filipino loves you so much!! #CornettoWelcomesTaylorToManila @SelectaCornetto -Lou Sushmita Mae Bernardino 2571
WELCOME BACK TO MANILA TAY!! Filipino loves you so much!! #CornettoWelcomesTaylorToManila @SelectaCornetto -Lou Sushmita Mae Bernardino 2570
WELCOME BACK TO MANILA TAY!! Filipino loves you so much!! #CornettoWelcomesTaylorToManila @SelectaCornetto -Lou Sushmita Mae Bernardino 2569
