"@RSherman_25 I hope you are feeling better @RSherman_25 .  I recommend my acupuncturist, Blue Pearl Acupuncture, to help get you back 100%!"
RT @PeteCarroll: Super Bowl champions!!!! This goes out to the #12s!!!!! We will always be connected to this moment!!!
Go #Seahawks! #WhosGonnaWin http://t.co/e654XhAFaY @VerizonWireless Super Seahawks!
Go #Seahawks! #WhosGonnaWin http://t.co/e654XhAFaY @VerizonWireless Go Beast!
Go #Seahawks! #WhosGonnaWin http://t.co/e654XhAFaY @VerizonWireless Go Hawks!
Go #Seahawks! #WhosGonnaWin http://t.co/e654XhAFaY @VerizonWireless Patrick Stewart for the Seahawks!
Go #Seahawks! #WhosGonnaWin http://t.co/e654XhAFaY @VerizonWireless Game time 12th Man!  Time to Bring It!
Go #Seahawks! #WhosGonnaWin http://t.co/e654XhAFaY @VerizonWireless 12th Man in the Hawks Nest on the Empire State!
Go #Seahawks! #WhosGonnaWin http://t.co/e654XhAFaY @VerizonWireless BeastMode!
Go #Seahawks! #WhosGonnaWin http://t.co/e654XhAFaY @VerizonWireless Unleash the Beast!
Go #Seahawks! #WhosGonnaWin http://t.co/e654XhAFaY @VerizonWireless Defense wins Championships!
Go #Seahawks! #WhosGonnaWin http://t.co/e654XhAFaY @VerizonWireless Seahawks #1
Go #Seahawks! #WhosGonnaWin http://t.co/e654XhAFaY @VerizonWireless Ground and Pound with the Beast!
Go #Seahawks! #WhosGonnaWin http://t.co/e654XhAFaY @VerizonWireless 12th Man Loud and Proud!
Go #Seahawks! #WhosGonnaWin http://t.co/e654XhAFaY @VerizonWireless Hustle like Russell!
Go #Seahawks! #WhosGonnaWin http://t.co/e654XhAFaY @VerizonWireless Beast Mode in NJ NYC!
Go #Seahawks! #WhosGonnaWin http://t.co/e654XhAFaY @VerizonWireless DangerRuss!
Go #Seahawks! #WhosGonnaWin http://t.co/e654XhAFaY @VerizonWireless Hawks Nest on the Empire State!
Go #Seahawks! #WhosGonnaWin http://t.co/e654XhAFaY @VerizonWireless Blue and Green for the 6th Day!
Go #Seahawks! #WhosGonnaWin http://t.co/e654XhAFaY @VerizonWireless Top Pot Donuts for the Seahawks!
Go #Seahawks! #WhosGonnaWin http://t.co/e654XhAFaY @VerizonWireless Beasty Boys!
Go #Seahawks! #WhosGonnaWin http://t.co/e654XhAFaY @VerizonWireless Legion of Boom bringing out the BOOMSTICK!
Go #Seahawks! #WhosGonnaWin http://t.co/e654XhAFaY @VerizonWireless LOB!
Go #Seahawks! #WhosGonnaWin http://t.co/e654XhAFaY @VerizonWireless Legion of Boom!
Go #Seahawks! #WhosGonnaWin http://t.co/e654XhAFaY @VerizonWireless Let's go Jon Ryan!
Go #Seahawks! #WhosGonnaWin http://t.co/e654XhAFaY @VerizonWireless Let's go Steven Hauschuka!
Go #Seahawks! #WhosGonnaWin http://t.co/e654XhAFaY @VerizonWireless Let's go Clinton McDonald!
Go #Seahawks! #WhosGonnaWin http://t.co/e654XhAFaY @VerizonWireless Let's go Tony McDaniel!
Go #Seahawks! #WhosGonnaWin http://t.co/e654XhAFaY @VerizonWireless Let's go Brandon Mebane!
Go #Seahawks! #WhosGonnaWin http://t.co/e654XhAFaY @VerizonWireless Let's go Red Bryant!
